,medallion,hack_license,vendor_id,rate_code,store_and_fwd_flag,pickup_datetime,dropoff_datetime,passenger_count,trip_time_in_secs,trip_distance,pickup_longitude,pickup_latitude,dropoff_longitude,dropoff_latitude,pickup_borough,dropoff_borough,payment_type,fare_amount,surcharge,mta_tax,tip_amount,tolls_amount,total_amount
0,89D227B655E5C82AECF13C3F540D4CF4,BA96DE419E711691B9445D6A6307C170,CMT,1,N,2013-01-01 15:11:48,2013-01-01 15:18:10,4,382,1.0,-73.978165,40.757977,-73.989838,40.751171,manhattan,manhattan,CSH,6.5,0.0,0.5,0.0,0.0,7.0
24,E9BA494DC1A1F26D186394EFBB8327CF,BBF604B3A2426BFBAAC982AAAA0BF1B5,CMT,1,N,2013-01-01 18:36:53,2013-01-01 18:39:04,1,131,0.5,-73.992172,40.749954,-73.99675,40.744553,manhattan,manhattan,CSH,4.0,0.0,0.5,0.0,0.0,4.5
28,8E189DABE265CC03FEF4BFC695B32559,906939B31C0B93768242A58A682412B8,CMT,1,N,2013-01-01 14:02:01,2013-01-01 14:27:39,2,1537,10.2,-73.862709,40.769142,-73.982079,40.762295,manhattan,manhattan,CSH,31.0,0.0,0.5,0.0,4.8,36.3
36,1F03ADDC384F4C5FB5E760528D4E0BA5,6607D2680127BFBCFF94193B15578DE7,CMT,1,N,2013-01-01 18:45:02,2013-01-01 18:48:48,1,225,1.2,-73.982384,40.752102,-73.993332,40.736393,manhattan,manhattan,CSH,5.5,0.0,0.5,0.0,0.0,6.0
78,5C1E310A26EEE17AA72AFE63194DE5B5,A56B275487B0D09E6BA4C8801E0B2BE3,CMT,1,N,2013-01-01 17:11:51,2013-01-01 17:17:18,3,327,1.4,-73.98793,40.749542,-73.978981,40.766735,manhattan,manhattan,CSH,6.5,0.0,0.5,0.0,0.0,7.0
90,02BFD1B64C2C80B433D3A282C828912B,375201058CFE70CE40B69903041C2310,CMT,1,N,2013-01-01 19:41:43,2013-01-01 19:49:17,2,453,2.1,-73.984734,40.76931,-73.997787,40.744205,manhattan,manhattan,CSH,8.5,0.0,0.5,0.0,0.0,9.0
102,0A3EF18FFD7FA5327C66C6B1CE068F3A,E8BD33FAF31C98E52D1E45A60216113B,CMT,1,N,2013-01-01 23:26:42,2013-01-01 23:49:24,2,1361,18.9,-73.783318,40.648636,-73.964249,40.719543,queens,brooklyn,CSH,50.5,0.5,0.5,0.0,0.0,51.5
110,1ABD0BB8B7278A49B4F6502B59E1CEFB,AE49AF37C8856F2EA32953F207A9C339,CMT,1,N,2013-01-01 23:33:10,2013-01-01 23:36:18,2,188,0.8,-73.983711,40.756092,-73.98494,40.748222,manhattan,manhattan,CSH,5.0,0.5,0.5,0.0,0.0,6.0
146,E9BA494DC1A1F26D186394EFBB8327CF,BBF604B3A2426BFBAAC982AAAA0BF1B5,CMT,1,N,2013-01-01 16:46:15,2013-01-01 16:56:03,1,587,2.8,-73.959908,40.806396,-73.983292,40.775673,manhattan,manhattan,CSH,11.0,0.0,0.5,0.0,0.0,11.5
150,333D72A3E9C09AD9EFBF79F549EFA67B,ED57BB723A58FFF10DCA8AC08AC1B103,CMT,1,N,2013-01-01 16:06:51,2013-01-01 16:22:18,2,927,1.8,-73.989059,40.750572,-73.973686,40.755997,manhattan,manhattan,CSH,11.0,0.0,0.5,0.0,0.0,11.5
151,333D72A3E9C09AD9EFBF79F549EFA67B,ED57BB723A58FFF10DCA8AC08AC1B103,CMT,1,N,2013-01-01 09:19:27,2013-01-01 09:21:52,1,145,0.5,-73.954796,40.59893,-73.950531,40.604225,brooklyn,brooklyn,CSH,4.0,0.0,0.5,0.0,0.0,4.5
3112,A4142B3536A686E0AF19544F86E1FE08,B063A1EAECC781EA74195C6F27F43C20,VTS,1,,2013-01-01 02:28:00,2013-01-01 02:38:00,1,600,3.0,0.0,0.0,0.0,0.0,outside_nyc,outside_nyc,CRD,11.0,0.5,0.5,2.88,0.0,14.88
3296,2242A513238185D3AD7704A75EF21FB8,B9D6CB5BB1ECE2FC4010272137D2A336,VTS,1,,2013-01-01 07:14:00,2013-01-01 07:25:00,1,660,3.74,0.0,0.0,0.0,0.0,outside_nyc,outside_nyc,CSH,12.5,0.0,0.5,0.0,0.0,13.0
3534,55FB6B6C0F0DFCE20E7E48859CAA45AD,A91BC1388E64E71C15CDE316649A2D0E,VTS,1,,2013-01-01 13:47:00,2013-01-01 13:53:00,1,360,1.4,0.0,0.0,0.0,0.0,outside_nyc,outside_nyc,CRD,6.5,0.0,0.5,2.0,0.0,9.0
4139,39FDC731D7B44916F3580A201EC40FEF,B0F4872534C565F378FE69AFBE2F1DC7,VTS,1,,2013-01-01 19:01:00,2013-01-01 19:19:00,5,1080,9.93,-73.8638,40.770416,-73.98484,40.732506,manhattan,manhattan,CSH,28.0,0.0,0.5,0.0,4.8,33.3
27651,6FC85A1A4C9E9824D0D1A10532166A81,F83A6C49D423DA3266BB1268FCE4E568,VTS,1,,2013-01-01 02:17:00,2013-01-01 02:25:00,1,480,2.13,0.0,0.0,0.0,0.0,outside_nyc,outside_nyc,CSH,9.5,0.5,0.5,0.0,0.0,10.5
28291,9E28C3598E3575951F8AD16241E5B874,7568B4EB4A5D30A41F53ED359BF81B7A,VTS,1,,2013-01-01 04:00:00,2013-01-01 04:18:00,1,1080,6.16,-73.96067,40.797329,-73.924156,40.760742,manhattan,manhattan,CSH,20.0,0.5,0.5,0.0,0.0,21.0
29995,B81DC8EF25CA60D2269F8049DBB1F5A5,33558B467D79E04FE8FCB6CACEC0E237,VTS,1,,2013-01-01 13:55:00,2013-01-01 13:58:00,1,180,1.22,-73.974487,40.746834,-73.984779,40.732513,manhattan,manhattan,CSH,5.5,0.0,0.5,0.0,0.0,6.0
30513,5FF9BDEA1A1F819863EAA981D86966C2,8B9B855666A59B0801538A25D2B1D8F2,VTS,1,,2013-01-01 18:34:00,2013-01-01 18:38:00,1,240,1.46,-73.983727,40.738075,-73.974617,40.75246,manhattan,manhattan,CSH,6.0,0.0,0.5,0.0,0.0,6.5
41087,B3948FE1C9BAA60429084C3C8C742439,C63F0F41FE26715299FCFE119C066D37,VTS,1,,2013-01-01 01:04:00,2013-01-01 01:24:00,2,1200,2.68,-73.980148,40.742676,-73.984367,40.770008,manhattan,manhattan,CSH,14.5,0.5,0.5,0.0,0.0,15.5
41106,1E170F1AC4227B6A930CE041C54FAC55,3178E9041332A4F037E6FDE5C2CB92FA,VTS,1,,2013-01-01 03:02:00,2013-01-01 03:05:00,1,180,0.51,-73.998253,40.754307,-73.996323,40.758247,manhattan,manhattan,CSH,4.0,0.5,0.5,0.0,0.0,5.0
41763,D80FD255D1921207A256F30136F4DBB2,F7738A2349674017FB20FD422A3CD2E1,VTS,2,,2013-01-01 13:30:00,2013-01-01 13:58:00,1,1680,17.88,-73.789696,40.645226,-73.993439,40.736015,queens,manhattan,CSH,52.0,0.0,0.5,0.0,4.8,57.3
41837,54E0A7E84EAFDF6D0C70DC8E8A272FD9,6FB0B9EA44C28EF6E5CEA27955C6B498,VTS,1,,2013-01-01 11:47:00,2013-01-01 11:56:00,6,540,1.83,-73.997284,40.766659,-73.99337,40.752247,manhattan,manhattan,CSH,8.0,0.0,0.5,0.0,0.0,8.5
87605,19CD3E8DDB8FD3250C1A93432C0A4354,8736A961B0A91F3C120DDB7626876736,VTS,1,,2013-01-01 18:41:00,2013-01-01 19:00:00,1,1140,9.44,-73.873993,40.773716,-73.996803,40.746346,manhattan,manhattan,CSH,27.0,0.0,0.5,0.0,4.8,32.3
92944,63E1CE031EDB33209F200A44A2A50532,DCD6A3DA3488EF99AAC46FE0EF41449B,VTS,5,,2013-01-01 00:21:00,2013-01-01 00:21:00,1,0,0.0,0.0,0.0,0.0,0.0,outside_nyc,outside_nyc,CRD,11.5,0.0,0.0,1.0,0.0,12.5
96103,3E841B83C3B99F71F38C483C76D39E4F,21D086F9F8A40D99A834C253B05DD6D4,VTS,1,,2013-01-01 00:20:00,2013-01-01 00:20:00,1,0,0.03,0.0,0.0,0.0,0.0,outside_nyc,outside_nyc,CSH,2.5,0.5,0.5,0.0,0.0,3.5
96140,72427BE07CFC31814826BCE9EB92D8D5,BC06BC4CB757E3F09B1F65C055ADC51B,VTS,1,,2013-01-01 06:24:00,2013-01-01 06:29:00,6,300,1.9,0.0,0.0,0.0,0.0,outside_nyc,outside_nyc,CSH,7.5,0.0,0.5,0.0,0.0,8.0
96471,8EB9CE00A5AD729095BC542FC5FDB5F4,0766C20575FB088022E9B7D889D899A3,VTS,1,,2013-01-01 10:31:00,2013-01-01 10:45:00,1,840,4.67,-73.991516,40.75798,-74.016251,40.706989,manhattan,brooklyn,CSH,16.5,0.0,0.5,0.0,0.0,17.0
96490,AA5F0613C76891C045AC4F1989DA2334,5C8BAF38B31932AD0D52C43107716FCD,VTS,1,,2013-01-01 22:57:00,2013-01-01 23:23:00,6,1560,7.25,-73.99234,40.743896,-73.985527,40.666286,manhattan,brooklyn,CSH,25.0,0.5,0.5,0.0,0.0,26.0
119214,CD502710B2469A1EAE9BCDC19CF735E7,05813BFE89F24C69BC52F0570B8ABB0E,VTS,1,,2013-01-01 00:08:00,2013-01-01 00:21:00,2,780,2.18,0.0,0.0,0.0,0.0,outside_nyc,outside_nyc,CRD,10.5,0.5,0.5,2.2,0.0,13.7
119380,351F5FF3C89025A0BF48A4165A91EF73,728527F9677CE0F7CFE61E539C6B5446,VTS,1,,2013-01-01 09:59:00,2013-01-01 10:02:00,4,180,0.5,-73.977036,40.747116,-73.981918,40.75172,manhattan,manhattan,CSH,4.5,0.0,0.5,0.0,0.0,5.0
121011,389A20E67D9E24A76DAE17B8A9B92470,5FF16A2DA76372B6290FD409864EC590,VTS,1,,2013-01-01 10:41:00,2013-01-01 10:47:00,1,360,1.18,-73.991524,40.685074,-73.997383,40.69632,brooklyn,brooklyn,CSH,6.5,0.0,0.5,0.0,0.0,7.0
122260,8B4DC084FEC4F3044723A11FBD4A0666,BD9472D181EBB291C2E5BB6240FB1301,VTS,3,,2013-01-01 15:32:00,2013-01-01 16:06:00,1,2040,20.68,-73.97464,40.765038,-74.177261,40.695019,manhattan,staten,CSH,74.0,0.0,0.0,0.0,10.25,84.25
132376,6F70DA82F52A1281E4E6646AE996D25A,83B512F70589A259456E5B5F2A10325F,VTS,1,,2013-01-01 01:39:00,2013-01-01 01:45:00,5,360,1.03,0.0,0.0,0.0,0.0,outside_nyc,outside_nyc,CSH,6.5,0.5,0.5,0.0,0.0,7.5
132432,E9DFAA0D0B0B8CE49835A11B3BC18267,50EC43D46E643A3C7DF5139A37B254E7,VTS,1,,2013-01-01 05:34:00,2013-01-01 05:48:00,1,840,8.86,-73.988495,40.727325,-73.907089,40.768463,manhattan,manhattan,CSH,25.0,0.5,0.5,0.0,0.0,26.0
133680,B4F089612D651EEFB08F7183F756BC16,46A8B99CCFD02278852BC9E719A71C42,VTS,1,,2013-01-01 13:48:00,2013-01-01 13:58:00,2,600,3.04,-74.004288,40.721806,-73.984962,40.753475,manhattan,manhattan,CSH,11.0,0.0,0.5,0.0,0.0,11.5
134670,698A6074D905BC18FE001032FA0B2048,0C3A9C293D0EC467F7550D363FB2B459,VTS,1,,2013-01-01 15:36:00,2013-01-01 16:04:00,6,1680,20.65,-73.79155,40.645611,-74.040413,40.622627,queens,brooklyn,CSH,55.0,0.0,0.5,0.0,0.0,55.5
153955,25AFE357A45E874A0079A3E5B1291CE5,133E9E454880F54CF88962207F3327E3,CMT,1,N,2013-01-01 02:49:18,2013-01-01 02:53:31,2,253,0.7,-73.982529,40.742527,-73.976212,40.735832,manhattan,manhattan,CRD,5.0,0.5,0.5,0.0,0.0,6.0
154817,DB5838EC149690FFFCF2E09E6273105C,C9E333A4F578C1E44F4224FA407970CC,CMT,1,N,2013-01-01 02:04:10,2013-01-01 02:33:27,5,1757,18.6,-73.976509,40.682858,-73.798363,40.667336,brooklyn,queens,CRD,52.0,0.5,0.5,5.0,0.0,58.0
154890,8CF2864FC26A62D61F757DA86064A44E,B1DA69C2D3B365FEF7E8579FD95FC30F,CMT,1,N,2013-01-01 04:25:31,2013-01-01 04:29:05,1,214,1.1,-73.982399,40.750996,-73.971085,40.761749,manhattan,manhattan,CRD,5.5,0.5,0.5,1.95,0.0,8.45
155111,C36DABD5D9D9F06C8EE0DAF5117938B9,B72F7DEEB7DC02335E6823680103FA40,CMT,1,N,2013-01-01 05:33:08,2013-01-01 05:48:36,1,927,6.9,-73.922279,40.706245,-73.912735,40.766636,brooklyn,manhattan,CRD,21.0,0.5,0.5,4.4,0.0,26.4
155734,7B9B7DA0612AB6D6CDB6EFC1337DEB4E,10C8269A33156E44EA0237CA17F10916,CMT,1,N,2013-01-01 17:13:41,2013-01-01 17:26:09,1,748,3.8,-73.97892,40.740574,-73.981216,40.741695,manhattan,manhattan,CRD,13.5,0.0,0.5,12.0,0.0,26.0
156065,B3E448E35A2C9A3C32EC2FFE266B10CC,2AC2BA996EFE897E52E2C900FA9332EF,CMT,1,N,2013-01-01 03:41:57,2013-01-01 03:51:11,1,553,2.8,-73.983528,40.743919,-73.955879,40.772339,manhattan,manhattan,CRD,10.5,0.5,0.5,2.3,0.0,13.8
156084,8D90E4C96A0C162BC9A663F7F3C45379,AFDB6FE46E0FD1DD6E214744274316B3,CMT,1,N,2013-01-01 00:15:43,2013-01-01 00:22:41,1,417,1.5,0.0,0.0,0.0,0.0,outside_nyc,outside_nyc,CRD,7.5,0.5,0.5,1.7,0.0,10.2
156435,1E43DB9A884AF333DBCABD73C70D0DB4,D25781FA72D2C328B9F120736E6CAA68,CMT,1,N,2013-01-01 12:48:46,2013-01-01 13:03:15,1,868,5.0,0.0,0.0,0.0,0.0,outside_nyc,outside_nyc,CRD,16.5,0.0,0.5,4.25,0.0,21.25
156509,BF55ABC1C429E66DF915B50CA8F72614,764F772ED9CA6A8A07C625266CAAD5A2,CMT,1,N,2013-01-01 12:25:02,2013-01-01 12:28:48,1,225,1.3,0.0,0.0,0.0,0.0,outside_nyc,outside_nyc,CRD,6.0,0.0,0.5,1.62,0.0,8.12
156547,2A8C4DE7124FD9F1090F59693E297A32,17517E1FF07054B50523A1FA200F9D70,CMT,1,N,2013-01-01 04:55:32,2013-01-01 05:04:42,1,549,1.6,-74.000374,40.74802,-73.98101,40.733936,manhattan,manhattan,CRD,8.5,0.5,0.5,3.5,0.0,13.0
156602,31642EC7B1A51589E044284B4901B510,C8FFC38654B12648D6713AF94B94337F,CMT,1,N,2013-01-01 02:36:09,2013-01-01 02:41:17,1,308,0.9,-73.990173,40.740616,-73.982796,40.731392,manhattan,manhattan,CRD,5.5,0.5,0.5,2.0,0.0,8.5
156898,90C557A8054DD55719D094144BA460BB,F05EBB73389A5731DCBA3BE4BF07F9A5,CMT,1,N,2013-01-01 11:38:20,2013-01-01 11:42:46,1,265,1.3,-73.997864,40.75631,-74.004997,40.741158,manhattan,manhattan,CRD,6.0,0.0,0.5,1.5,0.0,8.0
157247,3B26D0D0A99C09AB80BBB6AC8C506774,91DBED8F157F66122ACF3B08FDC93D85,CMT,1,Y,2013-01-01 19:48:33,2013-01-01 19:57:53,1,560,0.0,-74.004639,40.737701,-74.016029,40.71471,manhattan,brooklyn,CRD,2.5,0.0,0.5,7.0,0.0,10.0
157635,E9A54865CAF737ED003957478C9D8FA1,191121FC958FB5E9A7A67B55BD7CCD5F,CMT,1,N,2013-01-01 01:20:26,2013-01-01 01:25:07,1,280,1.7,-73.976967,40.73875,-73.961121,40.760738,manhattan,manhattan,CRD,7.0,0.5,0.5,2.0,0.0,10.0
157818,95334C70E41D90045EDD21D19A74DF70,88316ABC822F897800967C5B3702758B,CMT,1,N,2013-01-01 03:07:20,2013-01-01 03:12:16,2,296,0.6,-73.97747,40.746296,-73.985023,40.74226,manhattan,manhattan,CRD,5.0,0.5,0.5,1.2,0.0,7.2
158022,9AB060AF988E63CB0A5CEE9DA15F1F82,2E06D2F61CEEA57A8CCBAE2A1AA4C17B,CMT,1,N,2013-01-01 01:26:57,2013-01-01 01:41:50,2,893,2.8,-73.971603,40.754559,-74.000053,40.738861,manhattan,manhattan,CRD,12.0,0.5,0.5,3.0,0.0,16.0
158500,0E7E16BB2EE7DD596E688B61521D36A6,9AEF18C91B18B564F9BB84F7500A8E18,CMT,1,N,2013-01-01 11:33:06,2013-01-01 11:36:58,2,231,1.4,-73.98304,40.734917,-73.998222,40.722832,manhattan,manhattan,CRD,6.0,0.0,0.5,1.3,0.0,7.8
158834,38DBFA660879533C53600408199AA89E,4FB89340A46D7C0615D1BA2B8AB078B6,CMT,1,N,2013-01-01 07:42:21,2013-01-01 08:00:36,2,1094,10.3,-73.997795,40.756294,-73.861237,40.768093,manhattan,manhattan,CRD,29.5,0.0,0.5,6.95,4.79,41.74
159369,DDE7D14A700EB6805F3214740A875C20,B556BCCBFD08A15599E2DDA1F2297013,CMT,1,N,2013-01-01 13:54:25,2013-01-01 13:56:04,1,99,0.3,-73.99176,40.744755,-73.996445,40.746181,manhattan,manhattan,CRD,3.5,0.0,0.5,0.8,0.0,4.8
159789,37DFB624D809C5607CC6719CD4861415,E0BC9EC4278FC790B78BA859957492DF,CMT,1,N,2013-01-01 16:54:52,2013-01-01 16:59:12,1,260,1.2,-73.946236,40.781246,-73.958359,40.768921,manhattan,manhattan,CRD,6.0,0.0,0.5,1.2,0.0,7.7
159827,CC6FDF869195BBD5C7C6589AD116258B,36E335FA16DE2FFEF86A7F445AC37416,CMT,1,N,2013-01-01 18:53:20,2013-01-01 18:58:10,2,290,0.9,-73.994705,40.685558,-73.992569,40.678825,brooklyn,brooklyn,CRD,5.5,1.0,0.5,1.4,0.0,8.4
159973,311518AFA6CB5DF4A6544D3BE4B04DBE,3B14AE40235A4734E3263DB3604C4E70,CMT,1,N,2013-01-01 20:14:59,2013-01-01 20:22:18,2,439,1.5,-73.980209,40.75172,-73.982315,40.765259,manhattan,manhattan,CRD,7.5,0.5,0.5,1.0,0.0,9.5
160342,F36EA48425A73B1317A741C72340A512,8EDD3220ABBD2538336630B328730632,CMT,1,N,2013-01-01 02:17:35,2013-01-01 02:32:47,1,912,6.4,-74.005844,40.711185,-73.956848,40.768166,brooklyn,manhattan,CRD,20.0,0.5,0.5,2.0,0.0,23.0
161093,237F49C3ECC11F5024B254268F054384,6468A7543D945EA3FDDDCDA4DC4DF4FF,CMT,1,Y,2013-01-01 22:18:12,2013-01-01 22:20:45,1,152,1.2,-73.989548,40.729378,-73.97847,40.745045,manhattan,manhattan,CRD,5.5,0.5,0.5,1.0,0.0,7.5
161149,D2DF0BEB0863E635BD47723AD8EBAB60,BEDF72429E9D63DDF98ED7EA60F9E6A9,CMT,1,N,2013-01-01 20:15:53,2013-01-01 20:26:24,1,630,3.4,-73.955986,40.775959,-73.984726,40.73629,manhattan,manhattan,CRD,12.0,0.5,0.5,1.0,0.0,14.0
161805,310A62EDB5505A0E15185BD31E8CC17B,436D4AD057C26BAD35E8A2E3192F0894,CMT,1,N,2013-01-01 20:05:37,2013-01-01 20:26:15,1,1237,6.6,-74.006294,40.733559,-73.942314,40.786469,manhattan,manhattan,CRD,22.5,0.5,0.5,3.0,0.0,26.5
162517,4D0A5B1BD7C0B459D49CA9A2B9ADCF24,0CA2E8E05D53C165ECE7397EE2A779F4,CMT,1,N,2013-01-01 18:58:24,2013-01-01 19:10:49,1,744,8.3,-73.975822,40.744789,-73.871414,40.774281,manhattan,manhattan,CRD,23.5,0.0,0.5,5.76,4.8,34.56
162848,0718D7D98340FB8C8262ED4659A697D6,53E8732A1E652981014EDE7C90285DED,CMT,1,N,2013-01-01 01:18:40,2013-01-01 01:34:03,1,922,8.0,-73.97496,40.680717,-73.891052,40.749027,brooklyn,manhattan,CRD,24.5,0.5,0.5,5.1,0.0,30.6
163714,B741DB536A3053E1E1787BAB33ADAE43,82A98FC4804AC4FC8C425CA5877EEE79,CMT,1,N,2013-01-01 14:40:18,2013-01-01 14:54:15,1,836,3.5,-73.959061,40.783367,-73.991882,40.742481,manhattan,manhattan,CRD,13.5,0.0,0.5,2.8,0.0,16.8
163733,B198291108B2CD6057094CE67EBC305F,3B89F02F4C50BA2A429C8DEC5823BCA5,CMT,1,N,2013-01-01 22:37:42,2013-01-01 22:56:03,1,1101,5.7,-73.99015,40.760719,-73.989365,40.69112,manhattan,brooklyn,CRD,19.5,0.5,0.5,4.1,0.0,24.6
163825,9AE01AEEA2E4D0A9BBDA62946FCE81D0,A77F00FE9B0670BD3550FCDBD7B92C56,CMT,5,N,2013-01-01 13:30:20,2013-01-01 13:31:01,1,40,0.0,-74.031311,40.748669,-74.031281,40.748657,manhattan,manhattan,CRD,70.0,0.0,0.0,14.0,0.0,84.0
164229,3D783BDC6947619D05EE15CF384AA2E1,260965A43D80E2329ADF88DA531071BD,CMT,1,N,2013-01-01 03:23:39,2013-01-01 03:41:13,3,1054,4.4,-73.989418,40.729916,-73.94722,40.779827,manhattan,manhattan,CRD,16.0,0.5,0.5,3.4,0.0,20.4
164470,5FAA5CEC76673C348E6FD42FE1556D68,379A7C92809AE0145B7465E17B8F3780,CMT,1,N,2013-01-01 05:31:17,2013-01-01 05:44:57,1,819,5.9,-73.89769,40.752487,-73.89769,40.752487,manhattan,manhattan,CRD,18.0,0.5,0.5,2.0,0.0,21.0
164820,9661D3F4C6E05328213603ED701E11A4,EEDE57108D76F5B35E4441505B3AB70B,CMT,1,N,2013-01-01 23:04:49,2013-01-01 23:11:18,1,388,1.1,-73.985336,40.723606,-74.002151,40.726433,manhattan,manhattan,CRD,6.5,0.5,0.5,1.5,0.0,9.0
165110,1BC7642300D11A29E233E2B331F8F76E,B7672F58F8EB0F916B3659DD2DD5E9AB,CMT,1,N,2013-01-01 18:39:20,2013-01-01 18:51:13,1,712,2.7,-73.953545,40.770958,-73.988365,40.77808,manhattan,manhattan,CRD,11.0,0.0,0.5,2.3,0.0,13.8
165775,3D423211B86371C0716BB29FA7F2E395,74D0F543A2B86D7ED42BAD2FC3110968,CMT,1,N,2013-01-01 21:22:54,2013-01-01 21:39:55,1,1021,9.2,-73.982506,40.731571,-73.8396,40.719296,manhattan,queens,CRD,26.5,0.5,0.5,8.07,4.8,40.37
167187,7ECD9CFAE09251F893DD7EB2718E1B51,DCCC631C854F3733D2BA1293C395A939,CMT,1,N,2013-01-01 22:19:14,2013-01-01 22:29:07,1,593,5.1,0.0,0.0,0.0,0.0,outside_nyc,outside_nyc,CRD,16.0,0.5,0.5,1.0,0.0,18.0
176862,1DC934AD2DA4FAB518E537C52010528F,26E4B0902F804DB36BFC9012604A0850,CMT,1,N,2013-01-01 17:56:20,2013-01-01 18:08:39,3,739,4.1,-73.988777,40.730965,-73.946335,40.772888,manhattan,manhattan,CRD,13.5,0.0,0.5,3.5,0.0,17.5
177135,D9ADBE8E88F3535CAA47AC9F3B7D9C99,A61D4416CEF41E24A67237415EC9DF57,CMT,1,N,2013-01-01 06:18:14,2013-01-01 06:37:28,1,1153,7.7,-73.998634,40.713608,-73.976906,40.752026,brooklyn,manhattan,CRD,25.0,0.0,0.5,6.37,0.0,31.87
182985,486D048A1F2BBA76FAAD325B6B96C6E8,AB92B799A4DFDECBF16CC42C9F3B8C97,CMT,1,N,2013-01-01 19:53:04,2013-01-01 19:57:33,1,268,1.2,-73.9813,40.741497,-73.991676,40.731697,manhattan,manhattan,CRD,6.0,1.0,0.5,1.5,0.0,9.0
183022,7BAE78324980C145916E3443E8B9F13F,BFFCAAB131BC86909C013C67C15FD8C0,CMT,1,N,2013-01-01 15:28:39,2013-01-01 15:37:05,1,505,2.0,-73.950233,40.779682,-73.970924,40.76086,manhattan,manhattan,CRD,9.5,0.0,0.5,1.0,0.0,11.0
187613,A959860D971E2349258BA6E55CFA0CC2,A296FA4D13B70AD8C2D440D377644610,CMT,1,N,2013-01-01 11:21:44,2013-01-01 11:37:58,1,973,6.2,-73.989906,40.73101,-73.970169,40.799515,manhattan,manhattan,CRD,20.5,0.0,0.5,2.0,0.0,23.0
187997,1F38CEA41417422E863CA6AA475C5939,6455AFB407EFA52DB2DF2C49DB19572F,CMT,1,N,2013-01-01 11:49:30,2013-01-01 11:56:20,1,410,1.9,-74.001427,40.746449,-73.98053,40.730202,manhattan,manhattan,CRD,8.0,0.0,0.5,1.5,0.0,10.0
203974,D2BD7B2311CAF9D670C8A9A4C18A9C71,76D9CFA338E05BEF6A6211CC50BC1E7F,CMT,1,N,2013-01-01 06:09:36,2013-01-01 06:29:03,1,1167,8.1,-73.990829,40.734966,-73.948677,40.828686,manhattan,manhattan,CRD,25.5,0.0,0.5,5.2,0.0,31.2
210012,EE044E9C59DE1BBF1EDE67E84F8F4BAB,F43FD75D2E6DD424A063FCC425734F3B,CMT,1,N,2013-01-01 18:42:42,2013-01-01 18:51:16,2,513,1.7,-73.985794,40.726856,-74.000725,40.742107,manhattan,manhattan,CRD,8.0,0.0,0.5,1.7,0.0,10.2
210197,1292BE11BDF5667FE5555F372FA7E0EB,BE9C53BA690B5AC6FA905AE9D7042D03,CMT,1,N,2013-01-01 22:06:11,2013-01-01 22:16:51,1,640,3.3,-73.97876,40.740429,-74.011711,40.70763,manhattan,brooklyn,CRD,12.0,0.5,0.5,1.0,0.0,14.0
212815,4EAF9559F4749189617F378E087FCF28,60C82061E81CBAD49BD9FC2771D08B7F,CMT,1,N,2013-01-01 21:30:24,2013-01-01 21:34:16,1,231,1.2,-73.991013,40.727947,-73.982971,40.742027,manhattan,manhattan,CRD,5.5,0.5,0.5,1.3,0.0,7.8
213363,972953526D7289A6B537EE9C225CA902,3603DB426B6C9596DACF709F9D82F65E,CMT,1,N,2013-01-01 11:06:03,2013-01-01 11:14:25,1,502,4.1,-73.968086,40.762169,-74.002975,40.733463,manhattan,manhattan,CRD,13.0,0.0,0.5,1.58,0.0,15.08
213584,0DC372E1F0AEC7EBBBC97020397DB3E2,DBB8626408DA718A1D3132D8D37BC8BF,CMT,1,N,2013-01-01 03:25:30,2013-01-01 03:37:03,1,692,2.0,-74.00071,40.74881,-73.986565,40.730568,manhattan,manhattan,CRD,9.5,0.5,0.5,1.0,0.0,11.5
214387,0542902E3D56DFE64D5B944A9D9F54B0,D8F9C42F5EAF44378C1E8C084DE8CE05,CMT,1,N,2013-01-01 12:50:36,2013-01-01 12:57:29,1,412,2.3,-73.973671,40.747944,-73.987503,40.720036,manhattan,brooklyn,CRD,8.5,0.0,0.5,1.8,0.0,10.8
214461,DDB3F3E0172B1FBF0C9E39CA773CC6E3,5B3AB2131CB5472AEA1C129E71DAB85E,CMT,1,N,2013-01-01 21:25:19,2013-01-01 21:31:40,1,380,2.8,0.0,0.0,0.0,0.0,outside_nyc,outside_nyc,CRD,9.5,0.5,0.5,1.5,0.0,12.0
214863,0656FF1A11240CA7E44A998B53EC88DD,703755EB344961003F7AE7E28322DC82,CMT,1,N,2013-01-01 01:11:55,2013-01-01 01:47:33,1,2136,10.6,-73.976662,40.759258,-73.99688,40.662704,manhattan,brooklyn,CRD,35.5,0.5,0.5,3.0,0.0,39.5
215731,03435B7F7AB3F3E864C1BD7A8DD77351,E8BCBC4606D532680AFD9511F0CEA755,CMT,1,N,2013-01-01 18:28:40,2013-01-01 18:37:02,2,502,1.0,-74.001389,40.737206,-73.98745,40.729305,manhattan,manhattan,CRD,7.0,0.0,0.5,1.0,0.0,8.5
215897,2F2F160D8428A7757500371F980468D5,07B077CA1C642121B3E33FD38898C87F,CMT,1,N,2013-01-01 15:22:02,2013-01-01 15:41:20,1,1158,4.0,-73.9981,40.72414,-73.988548,40.765739,manhattan,manhattan,CRD,16.0,0.0,0.5,2.0,0.0,18.5
216117,822589C142040C931313E47E6D08FCF4,AC9224E4F8CF79A933CACE16FD2BED96,CMT,1,N,2013-01-01 19:04:29,2013-01-01 19:09:35,1,306,1.0,-73.980438,40.741005,-73.994362,40.740475,manhattan,manhattan,CRD,6.0,0.0,0.5,1.3,0.0,7.8
216427,6B2F03F3A80FF3CC85CCB2283F2DA862,3A7B1AB4FFD9D959965F99C5246191EB,CMT,1,N,2013-01-01 20:11:10,2013-01-01 20:17:45,1,395,1.9,-73.996849,40.720352,-73.992264,40.74361,manhattan,manhattan,CRD,8.0,0.5,0.5,2.25,0.0,11.25
217293,895B93685CFF79B558C0F1967996DF60,22AD2EC77ED0A65B6ADFABBCA6773AAF,CMT,1,N,2013-01-01 18:29:03,2013-01-01 18:35:48,1,404,1.0,-74.000336,40.74276,-73.990608,40.751369,manhattan,manhattan,CRD,6.5,0.0,0.5,1.0,0.0,8.0
217312,48210B1E10560661B2EAA25E67A8AB43,FD69B226146EFE934654B1CF9E409A5E,CMT,1,N,2013-01-01 12:23:54,2013-01-01 12:27:06,1,191,0.6,-73.988548,40.727348,-73.9972,40.724976,manhattan,manhattan,CRD,4.5,0.0,0.5,1.0,0.0,6.0
217404,27C2976FDFF668D3E39CB28FEF659F0B,E7221D160E6985AFCAA207536F807F41,CMT,1,N,2013-01-01 18:37:59,2013-01-01 18:44:38,1,398,1.7,-73.991165,40.717377,-73.989471,40.736809,brooklyn,manhattan,CRD,7.5,0.0,0.5,1.6,0.0,9.6
217661,FBE166753A06B290EA5B096BB8293447,AC3F84F8E3307C705C2C29C5171D6A75,CMT,1,N,2013-01-01 06:23:12,2013-01-01 06:29:53,1,401,2.3,-73.988136,40.723564,-73.975998,40.751518,manhattan,manhattan,CRD,9.0,0.0,0.5,10.0,0.0,19.5
218248,D9B549FF7670E863C74E742459E40112,734A76F84683675FD236FEE962A6CB2E,CMT,1,N,2013-01-01 03:26:45,2013-01-01 03:36:27,1,582,2.5,-73.993126,40.768581,-73.978851,40.744678,manhattan,manhattan,CRD,10.0,0.5,0.5,2.2,0.0,13.2
218432,A904CD3742F6789684379CE7B446898F,B6418BB00C9911DD7A18596925833A61,CMT,1,N,2013-01-01 18:57:17,2013-01-01 19:11:11,1,834,4.8,-74.007431,40.716026,-73.975471,40.741066,brooklyn,manhattan,CRD,15.5,1.0,0.5,2.0,0.0,19.0
218542,B6AA3B5DE51F00063AF020EEC019D52A,DDB614CBFFB2F7FF3338567104B339C6,CMT,1,N,2013-01-01 19:56:35,2013-01-01 20:19:20,2,1365,11.3,-73.862724,40.768768,-73.981941,40.766014,manhattan,manhattan,CRD,33.0,0.5,0.5,7.75,4.8,46.55
218835,207291076F51439066F4430B049D8E4A,388F1DDDD0CBC5772B2E596DE8AF7422,CMT,1,N,2013-01-01 19:16:29,2013-01-01 19:18:39,1,130,0.5,-73.993568,40.75732,-73.998077,40.750858,manhattan,manhattan,CRD,4.0,0.0,0.5,1.1,0.0,5.6
219056,7896788B80BC3AD1CC9A188414181C92,8E3865D72C7AEDFDD9F3E12D71FF0495,CMT,1,N,2013-01-01 05:24:39,2013-01-01 05:40:29,1,949,5.9,-73.987236,40.72924,-73.917145,40.746284,manhattan,manhattan,CRD,18.0,0.5,0.5,3.8,0.0,22.8
219129,CD889490B0FD5AA03DBF444E1F1C93AC,72004D8BA8CD191D802FC9C2BF73D13C,CMT,1,N,2013-01-01 15:45:37,2013-01-01 15:47:48,1,131,0.8,-73.980759,40.742542,-73.9748,40.753193,manhattan,manhattan,CRD,4.5,0.0,0.5,1.0,0.0,6.0
219241,82B9C5EC0BC1B6A290C6ED1514E89FCF,3F4E3506DB8F6F9DD0A78DBDB1C57B10,CMT,1,N,2013-01-01 16:05:54,2013-01-01 16:22:38,1,1003,3.2,-73.993004,40.75824,-73.959206,40.761803,manhattan,manhattan,CRD,14.0,0.0,0.5,2.0,0.0,16.5
219793,0656C4136113432E5D0F1200BD7B0ED7,65A8ADC2C069EFF46B2F47204AD54C3B,CMT,1,N,2013-01-01 15:55:47,2013-01-01 16:23:30,1,1663,13.3,0.0,0.0,0.0,0.0,outside_nyc,outside_nyc,CRD,38.0,0.0,0.5,8.66,4.8,51.96
220104,D16531FC67E01F68342812173F04BD4B,D20DFC59B81A2918082D920FAC2D01B3,CMT,1,N,2013-01-01 08:10:29,2013-01-01 08:34:30,1,1440,11.0,-73.997414,40.763794,-74.028526,40.630077,manhattan,brooklyn,CRD,32.5,0.0,0.5,7.56,4.8,45.36
220141,240E92D67E4EA502E573E63183028DAB,C70643804A87A963163DDD524B14FD1C,CMT,1,N,2013-01-01 09:55:43,2013-01-01 10:07:49,1,725,4.6,-73.948975,40.777145,-73.987328,40.738995,manhattan,manhattan,CRD,16.0,0.0,0.5,3.3,0.0,19.8
220252,2A4681196DB5419EB816DFE971E070A5,D30349FEA5BA9FB7FE82B56CE7689178,CMT,1,N,2013-01-01 17:48:27,2013-01-01 17:57:59,1,572,2.2,-73.97863,40.75412,-73.956116,40.770359,manhattan,manhattan,CRD,9.5,1.0,0.5,1.5,0.0,12.5
220563,BF0079F9117DFBDC6E5C7100B42E7E46,01E2B25BD487536827F6383CBF3A338D,CMT,1,N,2013-01-01 03:05:59,2013-01-01 03:11:49,1,349,1.1,-74.006302,40.733208,-74.001686,40.732384,manhattan,manhattan,CRD,6.5,0.5,0.5,1.5,0.0,9.0
220943,DB51F659A90E9457DD2A2F4D5A2A3186,B73AD7C127D2B1975B8C1CDE98E969C2,CMT,5,N,2013-01-01 05:10:08,2013-01-01 05:28:32,1,1103,6.0,-73.993736,40.75211,-74.059669,40.731567,manhattan,manhattan,CRD,50.0,0.0,0.0,10.0,10.0,70.0
221420,4364E355DECE98D9E2A4B1E436A1EDBF,C5DC32CDE1B4B5A2A0F16029B62A3A10,CMT,1,N,2013-01-01 15:55:15,2013-01-01 16:10:12,1,897,4.0,-73.992226,40.743614,-73.966881,40.79269,manhattan,manhattan,CRD,15.0,0.0,0.5,2.0,0.0,17.5
221477,4D5A4FB75167CB804D91908710C78A36,E76DB5653F9077334152F3E91C430061,CMT,1,N,2013-01-01 03:34:00,2013-01-01 03:38:33,1,272,1.0,-73.979767,40.743267,-73.969704,40.753098,manhattan,manhattan,CRD,6.0,0.5,0.5,1.4,0.0,8.4
221753,8889FF286448F79E093F071C58A6A776,DDBF5ABA4502BC9F26C6D949AC29539D,CMT,1,N,2013-01-01 03:29:42,2013-01-01 03:38:28,1,525,3.0,-74.006561,40.725788,-73.978973,40.752895,manhattan,manhattan,CRD,10.5,0.5,0.5,0.0,0.0,11.5
222741,7B9BEA3F63FE812C6EEA5022B732A99D,6965EA58B43080BD7ABB5472113157CA,CMT,1,N,2013-01-01 12:20:53,2013-01-01 12:36:13,1,920,3.5,-73.95034,40.779804,-73.990051,40.756966,manhattan,manhattan,CRD,14.5,0.0,0.5,3.0,0.0,18.0
223625,DCD2235F03F0E18EF9CBCB06A6BED24E,36D754543890CA293B5568F61F40CD93,CMT,1,N,2013-01-01 00:22:04,2013-01-01 00:52:58,1,1853,7.0,-73.988998,40.751091,-73.951553,40.690022,manhattan,brooklyn,CRD,26.0,0.5,0.5,2.0,0.0,29.0
223680,8E189DABE265CC03FEF4BFC695B32559,09EDC8B6699E13F146A0AC3459DD52AE,CMT,1,N,2013-01-01 21:19:32,2013-01-01 21:26:52,1,439,1.9,-73.970528,40.756264,-73.979996,40.775482,manhattan,manhattan,CRD,8.5,0.5,0.5,1.9,0.0,11.4
223864,802C09EFBC24455904BB1E6244415908,FA4DC04CCE71D5C097DF65C502D5E57D,CMT,1,N,2013-01-01 09:14:39,2013-01-01 09:22:11,2,452,1.5,-73.994469,40.759052,-73.997391,40.74144,manhattan,manhattan,CRD,8.0,0.0,0.5,2.0,0.0,10.5
224252,FE29AB949658D8EC987D40F799320778,C34FB13913EB1620556EB40DF8FDF662,CMT,1,N,2013-01-01 11:42:51,2013-01-01 11:46:11,1,199,1.6,-73.980682,40.742031,-73.966187,40.762306,manhattan,manhattan,CRD,6.5,0.0,0.5,1.4,0.0,8.4
224400,9D00885D2304874EFB6F7A2070986452,97C081C847A02412F647A483E5AF8571,CMT,5,N,2013-01-01 03:23:57,2013-01-01 03:24:47,2,50,0.0,-74.040176,40.711922,-74.040108,40.71191,brooklyn,brooklyn,CRD,53.2,0.0,0.0,15.96,0.0,69.16
224623,7168295EBCF80A1BF8FCF53DE683BBBF,7E659723B42B3852D58531519BF5837B,CMT,1,N,2013-01-01 02:41:05,2013-01-01 02:57:06,1,960,2.7,-73.98851,40.731266,-73.962761,40.764755,manhattan,manhattan,CRD,13.0,0.5,0.5,2.0,0.0,16.0
224642,8F51E58C5A7FC1C4832351E3158F9123,22E788404722476497038D5B3A554903,CMT,1,N,2013-01-01 18:12:26,2013-01-01 18:15:43,1,197,0.6,-73.99646,40.755325,-73.99646,40.755325,manhattan,manhattan,CRD,4.5,0.0,0.5,1.25,0.0,6.25
225101,B144E9D108813FA22BCA0E36383EB50B,6B9D0182E8084EA9085E37E0158F4573,CMT,1,N,2013-01-01 03:39:54,2013-01-01 03:52:25,1,751,4.2,-73.987312,40.722687,-73.954544,40.774197,manhattan,manhattan,CRD,14.0,0.5,0.5,3.0,0.0,18.0
225175,205A696DF62AD03C88DA8C5EC5248639,579C41EA5EC846F8B641A42F9EE3E855,CMT,1,N,2013-01-01 03:47:38,2013-01-01 03:52:09,2,271,0.9,-73.952599,40.776466,-73.948418,40.784161,manhattan,manhattan,CRD,5.5,0.5,0.5,1.5,0.0,8.0
225268,38CBBFBAF37A1FEC4F04707992310AFC,E69B8BCE7EFE5A1C96C6CD8D224F65E0,CMT,1,N,2013-01-01 14:18:46,2013-01-01 14:25:52,1,425,2.1,-73.980026,40.74358,-73.980255,40.724777,manhattan,manhattan,CRD,8.0,0.0,0.5,1.7,0.0,10.2
225598,8B6001F83A2C1F7A2C458D1291A62B7A,18D6D058267358AD775352FDF93F370E,CMT,1,N,2013-01-01 17:00:41,2013-01-01 17:04:33,2,232,1.5,-73.98568,40.727036,-73.972328,40.745308,manhattan,manhattan,CRD,6.0,0.0,0.5,1.3,0.0,7.8
226091,99700CFA1CEF8B2EB3313A3CD65C70B5,3388B6B5C909B7BB9EE9D8B82CE2565F,CMT,1,N,2013-01-01 03:06:04,2013-01-01 03:22:34,1,990,3.5,-73.987068,40.729885,-73.990791,40.765892,manhattan,manhattan,CRD,14.0,0.5,0.5,3.0,0.0,18.0
226729,B69326F5D825D6C350BF3E78F0FF2820,C0C4BAAE1D513594EA406783201BA8C0,CMT,1,N,2013-01-01 10:05:31,2013-01-01 10:11:53,1,381,2.0,-73.979958,40.734955,-73.975914,40.75724,manhattan,manhattan,CRD,8.0,0.0,0.5,1.0,0.0,9.5
227872,C36DABD5D9D9F06C8EE0DAF5117938B9,B72F7DEEB7DC02335E6823680103FA40,CMT,1,N,2013-01-01 01:05:40,2013-01-01 01:18:17,1,756,2.4,-73.970284,40.758717,-73.997849,40.740589,manhattan,manhattan,CRD,10.5,0.5,0.5,0.0,0.0,11.5
227946,42B6719514A5414A6E6A97AB6D17B8F6,961D91DC9780BB219A97E3715FFCBCF8,CMT,1,N,2013-01-01 02:29:49,2013-01-01 02:48:25,3,1115,6.9,-73.996216,40.690845,-73.997803,40.740299,brooklyn,manhattan,CRD,21.5,0.5,0.5,6.75,0.0,29.25
228078,28E0D4D69025FF4F2F20E396CC523B7E,1FF7B94AD52CDEA3799287B14BBB7F56,CMT,1,N,2013-01-01 04:08:23,2013-01-01 04:16:14,1,470,1.8,-73.982086,40.765312,-73.956635,40.766911,manhattan,manhattan,CRD,8.0,0.5,0.5,1.5,0.0,10.5
228135,073E554D0345EFB08A9FE38C61AD2335,CA784439730B9A9D0C5418D945976F8B,CMT,1,N,2013-01-01 02:29:04,2013-01-01 02:32:39,1,215,0.3,-73.981857,40.747471,-73.980301,40.746681,manhattan,manhattan,CRD,4.5,0.5,0.5,1.0,0.0,6.5
228190,7717243F0D28BB9C9028A772F06347EE,F6B74F070E1DCB6540AD066766D35AB4,CMT,1,N,2013-01-01 13:48:08,2013-01-01 13:52:55,1,286,0.6,-73.923508,40.753658,-73.912842,40.753906,manhattan,manhattan,CRD,5.5,0.0,0.5,2.0,0.0,8.0
228264,6958B833130BA7725B6FE3456D559913,B14F971F3508F3E91B8D30BC34883984,CMT,1,N,2013-01-01 01:17:03,2013-01-01 01:26:11,3,547,2.0,-73.998901,40.726254,-73.98053,40.747906,manhattan,manhattan,CRD,9.0,0.5,0.5,2.0,0.0,12.0
228338,D3F5395F3C80026143B2097CFD956DBB,BCA42F28831D592AB0B1362929CE5E12,CMT,1,N,2013-01-01 16:06:08,2013-01-01 16:14:44,1,516,1.2,-74.001808,40.741112,-74.002815,40.723465,manhattan,manhattan,CRD,7.5,0.0,0.5,2.0,0.0,10.0
228576,03B354861CC944EEBBDFCC6B205B54BA,BD3B5ACE9A62D7D1652779B366E3B889,CMT,1,N,2013-01-01 17:24:05,2013-01-01 17:31:01,1,416,2.0,-73.961319,40.76041,-73.948235,40.784306,manhattan,manhattan,CRD,8.0,0.0,0.5,1.5,0.0,10.0
228868,CCF0BAB6B4B65A28613102E62685D5CB,02AF7EC953B5B8A1E2FA0C1183CC34A1,CMT,1,N,2013-01-01 01:17:50,2013-01-01 01:26:25,3,515,0.9,-73.996254,40.753445,-73.992607,40.763496,manhattan,manhattan,CRD,7.0,0.5,0.5,2.0,0.0,10.0
228887,B7A16B1C396F4A5113257DDEB043D953,0838C4C7DDFD9391AD66E316B5608B26,CMT,2,N,2013-01-01 17:20:56,2013-01-01 17:20:58,1,2,0.0,-73.984245,40.766777,-73.984245,40.766777,manhattan,manhattan,CRD,52.0,0.0,0.5,8.0,0.0,60.5
229403,4C8270D07214D33D636703389352D309,479A072AF7AEC4FA5E4968642B971E4A,CMT,1,N,2013-01-01 13:45:39,2013-01-01 13:58:41,1,781,4.4,0.0,0.0,0.0,0.0,outside_nyc,outside_nyc,CRD,15.5,0.0,0.5,1.5,0.0,17.5
230178,0EEACB51402D1152C88ACD4B0F500770,FA8807176EE333C13EA5FA232893A9C3,CMT,1,N,2013-01-01 13:55:04,2013-01-01 13:59:01,1,236,0.6,-73.987923,40.722507,-73.978477,40.724606,manhattan,manhattan,CRD,5.0,0.0,0.5,1.1,0.0,6.6
230912,3B90127AFC1750EE4CDC4EA08ADCDE13,1892CF492051A673AEE823656D866A3F,CMT,1,N,2013-01-01 02:07:11,2013-01-01 02:33:42,3,1590,4.7,-73.97477,40.680389,-73.986328,40.741814,brooklyn,manhattan,CRD,21.0,0.5,0.5,4.4,0.0,26.4
231669,F71A1AAC5EF2229374DF3D77EB5E24CC,BE6D769FEA1B5E5A5262D3B249B583B4,CMT,1,N,2013-01-01 16:35:28,2013-01-01 16:44:48,2,559,1.2,-73.977295,40.738754,-73.988434,40.748409,manhattan,manhattan,CRD,8.0,0.0,0.5,1.7,0.0,10.2
233775,B9A070E6C62C95091C64613B32EA9E18,FF9DF82B55E901C7F9D1F80A26C7FD71,CMT,1,N,2013-01-01 03:03:37,2013-01-01 03:14:26,1,648,3.2,-73.949661,40.722294,-73.987236,40.724953,manhattan,manhattan,CRD,12.0,0.5,0.5,2.6,0.0,15.6
234141,B2D4B3F9BB52D112CBC294855E493999,881D59246056A41F92CF91DA79F304C0,CMT,1,N,2013-01-01 00:49:47,2013-01-01 01:09:23,1,1175,3.8,-74.004311,40.74239,-73.962143,40.763966,manhattan,manhattan,CRD,15.5,0.5,0.5,3.0,0.0,19.5
235518,8A6C11AFA4F407A01290E4A688731CB7,60FB9520D6A93163C8AB480DAF2F553A,CMT,1,Y,2013-01-01 04:31:08,2013-01-01 04:38:54,1,465,1.5,-73.983536,40.730099,-74.00235,40.726521,manhattan,manhattan,CRD,7.5,0.5,0.5,1.7,0.0,10.2
235758,B27F3293854DAA2BF54E2953030E1A36,D5F775AE5BF7714B44637F8C8EC5D4D7,CMT,1,N,2013-01-01 04:51:19,2013-01-01 05:06:07,1,888,3.3,-73.946884,40.783295,-73.986565,40.766468,manhattan,manhattan,CRD,13.5,0.5,0.5,2.9,0.0,17.4
236238,31208ED97DF2CE387738B519D2B38912,5A908EECD91FB30664AAB3DAFF0C360B,CMT,1,N,2013-01-01 02:40:24,2013-01-01 02:47:23,1,419,2.0,-73.975021,40.753792,-73.953506,40.767193,manhattan,manhattan,CRD,8.0,0.5,0.5,2.25,0.0,11.25
237028,349029C1FD5994E524285B8541F46FF5,1B604CA74E6CEE6BE0FDE53CF2AB6406,CMT,1,N,2013-01-01 02:42:09,2013-01-01 02:52:21,1,611,1.4,-73.986443,40.740269,-73.98793,40.728306,manhattan,manhattan,CRD,8.5,0.5,0.5,2.37,0.0,11.87
238451,174B5EB4A5382F210F75748E7B2DE576,65E8B9132D4CC2B848074CFA226B81F7,CMT,1,N,2013-01-01 08:17:43,2013-01-01 08:26:35,1,532,4.5,-73.990044,40.687309,-73.948898,40.726414,brooklyn,manhattan,CRD,14.5,0.0,0.5,3.0,0.0,18.0
238820,D7DF9007F42F946CB95A6F878C4E079E,4A7D27E583E8037F1431A865EA4C33AA,CMT,1,N,2013-01-01 02:44:08,2013-01-01 02:53:21,1,552,2.1,-73.993797,40.736858,-73.998779,40.717068,manhattan,brooklyn,CRD,9.0,0.5,0.5,2.5,0.0,12.5
239284,AE9D6880AEEF221B26DB42824E739223,4CBBEF83E04693B0FF121EAA07BA7B90,CMT,1,N,2013-01-01 00:25:58,2013-01-01 00:38:39,4,761,3.5,-73.990784,40.736618,-73.961922,40.765282,manhattan,manhattan,CRD,13.0,0.5,0.5,2.8,0.0,16.8
243169,140360029362D0276411935268210E36,67D16CE5319371C588F81A7E39F43533,CMT,1,N,2013-01-01 00:09:28,2013-01-01 00:18:46,1,558,1.6,-73.980003,40.754963,-73.99791,40.741844,manhattan,manhattan,CRD,8.5,0.5,0.5,2.0,0.0,11.5
269424,47238E833B0AF84A9BBFB7956502A182,1B734EDB7FE26D6B0BCA082BB37C5EA6,VTS,1,,2013-01-01 05:57:00,2013-01-01 05:58:00,3,60,0.86,-73.987022,40.733448,-73.98243,40.739841,manhattan,manhattan,CSH,4.5,0.5,0.5,0.0,0.0,5.5
269827,69AB57298683986171AA44FC6EB6F2DA,6EC92FC6EED409FD04A08B4A2C0B29BA,VTS,1,,2013-01-01 21:08:00,2013-01-01 21:16:00,2,480,1.38,0.0,0.0,0.0,0.0,outside_nyc,outside_nyc,CRD,7.0,0.5,0.5,1.0,0.0,9.0
275616,720128684C6261DA8E45F5CD07474A27,A0B5AF0F9B31690CEBB51ECD27D2BE71,VTS,1,,2013-01-01 06:05:00,2013-01-01 06:26:00,1,1260,12.91,-73.787125,40.641056,-73.781158,40.752567,queens,queens,CSH,35.5,0.0,0.5,0.0,0.0,36.0
275691,517D73176C809AF0C8360D9E823C3A43,F911C67044D5D2F68615BE63765C7807,VTS,3,,2013-01-01 11:32:00,2013-01-01 12:02:00,1,1800,1.98,-73.973854,40.756031,-74.18264,40.687801,manhattan,staten,CSH,71.5,0.0,0.0,0.0,0.0,71.5
275910,D3D055476B49E90E47BD255A23AFAFBE,1BE91BA83CBB3A525332E249BC9EAB3D,VTS,1,,2013-01-01 13:54:00,2013-01-01 14:24:00,2,1800,22.75,-73.782051,40.644634,-73.870842,40.899292,queens,bronx,CSH,60.0,0.0,0.5,0.0,4.8,65.3
276261,1E583DE106F334DE85ECDA057E05EC8F,1A7247592739180946E86249F70EDA1C,VTS,2,,2013-01-01 14:22:00,2013-01-01 14:49:00,1,1620,17.57,-73.787621,40.64167,-73.974426,40.751278,queens,manhattan,CSH,52.0,0.0,0.5,0.0,4.8,57.3
294737,65122F34C71661D6B7827B4E986E4E2C,770B0D0DF8354EE22CD902DC833AF8C2,VTS,1,,2013-01-01 22:07:00,2013-01-01 22:16:00,2,540,1.79,-73.998222,40.735691,-74.004219,40.721111,manhattan,manhattan,CSH,8.5,0.5,0.5,0.0,0.0,9.5
299721,4C73459B430339981D78795300433438,2995844BEE33EBEFDEF8BE046597AD98,VTS,1,,2013-01-01 09:55:00,2013-01-01 10:03:00,1,480,0.0,-73.882492,40.881443,-73.88253,40.881413,bronx,bronx,CSH,5.5,0.0,0.5,0.0,0.0,6.0
304015,46ECA3A606B09A95BCA7736975B772D5,51B9CADAC31BBE2DD3E81AFD93A280C7,VTS,1,,2013-01-01 05:42:00,2013-01-01 05:59:00,6,1020,9.21,-73.981064,40.741528,-73.880501,40.702057,manhattan,queens,CSH,26.5,0.5,0.5,0.0,4.8,32.3
304397,41DE336EAA8C321952EBCFB04675843C,877425D4B3A55A9A89A2A999E49BEA94,VTS,1,,2013-01-01 08:40:00,2013-01-01 08:44:00,1,240,1.03,-73.991943,40.735435,-73.978378,40.737228,manhattan,manhattan,CSH,5.5,0.0,0.5,0.0,0.0,6.0
304602,55FB6B6C0F0DFCE20E7E48859CAA45AD,A91BC1388E64E71C15CDE316649A2D0E,VTS,1,,2013-01-01 19:43:00,2013-01-01 19:47:00,1,240,1.33,0.0,0.0,0.0,0.0,outside_nyc,outside_nyc,CRD,5.5,0.0,0.5,1.1,0.0,7.1
327935,F8317FADB346A30B44CF0DB7EDA718AF,73E8FFE6D1EA6E6923E29D103FAF1E93,CMT,1,N,2013-01-01 00:57:27,2013-01-01 01:07:41,4,613,1.6,-73.981514,40.732738,-74.006058,40.743816,manhattan,manhattan,CRD,8.5,0.5,0.5,1.9,0.0,11.4
330179,AB80E0F46504CB0CF484213D85B7491A,F540C3C097C0521DBBF94E16A95C7C7D,CMT,1,N,2013-01-01 04:26:47,2013-01-01 04:40:14,2,806,4.7,-73.989983,40.739273,-73.966187,40.792301,manhattan,manhattan,CRD,16.0,0.5,0.5,3.0,0.0,20.0
331073,4C03FA515AF8917CC23F03130FAABCEC,6432BB98252718D9514F9533EFFDA047,CMT,1,N,2013-01-01 00:20:29,2013-01-01 00:35:51,1,921,2.8,-73.98243,40.75106,-74.004387,40.716419,manhattan,brooklyn,CRD,13.0,0.5,0.5,1.0,0.0,15.0
331310,7E3256C342CAFB3C23D3ABB98B9F3FB6,7B5DEB7DD598D1D46BAC8C60090A9804,CMT,1,N,2013-01-01 02:37:57,2013-01-01 02:51:52,1,834,8.2,-73.925194,40.866325,-73.988495,40.769283,bronx,manhattan,CRD,25.0,0.5,0.5,5.2,0.0,31.2
332663,CB68440CF79CB2D65EC6053904C283CD,B03C47153AE8BCF655506B87D3EFABC8,CMT,1,Y,2013-01-01 02:06:32,2013-01-01 02:26:24,2,1191,5.4,-73.988983,40.746204,-73.924507,40.769234,manhattan,manhattan,CRD,19.0,0.5,0.5,3.0,0.0,23.0
333291,4FD4EC1D50776ED136D40D3802D177FE,699221D9F2272A6F8BFEB1F9A72A7B59,CMT,1,N,2013-01-01 03:32:33,2013-01-01 03:43:27,1,653,2.5,-73.984024,40.744263,-73.997208,40.716579,manhattan,brooklyn,CRD,10.5,0.5,0.5,2.3,0.0,13.8
334093,61FE10B2C5EC5B796CE4D38618C1FF8C,75A3C75F9FFB7F6DECA49321E5B76A1A,CMT,1,N,2013-01-01 05:02:42,2013-01-01 05:17:20,1,877,4.3,-73.991859,40.75946,-73.947411,40.780132,manhattan,manhattan,CRD,15.0,0.5,0.5,2.5,0.0,18.5
334406,BEEB676B645ABBC943B774D7559C419E,39A226BFC4DE46B9BE82A5C7AD72F6E5,CMT,1,N,2013-01-01 01:33:38,2013-01-01 01:42:36,1,537,2.0,-73.987038,40.74596,-73.987038,40.74596,manhattan,manhattan,CRD,9.5,0.5,0.5,3.15,0.0,13.65
334939,B578A01928645458F63973B5A1472E74,47621A5D69BAC4FC889B16A9A1FD6485,CMT,1,N,2013-01-01 13:53:31,2013-01-01 14:07:47,1,856,3.7,-73.946411,40.785343,-73.985603,40.76368,manhattan,manhattan,CRD,14.0,0.0,0.5,3.62,0.0,18.12
337479,6BEAE64698C173F4EA190F718F02E18D,8510555CD5BA75C9FED27482853BE9D7,CMT,1,N,2013-01-01 11:55:58,2013-01-01 12:02:54,1,416,1.2,-73.993713,40.761978,-73.977379,40.758743,manhattan,manhattan,CRD,6.5,0.0,0.5,1.4,0.0,8.4
358001,886FB0001A9F7CD88AA587B1DAF75CE3,451B5ED850076607DC6EF7C458446CCF,VTS,1,,2013-01-01 10:08:00,2013-01-01 10:13:00,3,300,2.29,-73.995598,40.739094,-73.978271,40.76342,manhattan,manhattan,CSH,8.0,0.0,0.5,0.0,0.0,8.5
358694,062281602740F289FB3C49AD21C5A973,32DE80E20F3CDE459484DA4B7196F9D7,VTS,1,,2013-01-01 08:22:00,2013-01-01 08:40:00,1,1080,5.41,-73.983627,40.749474,-73.928383,40.755959,manhattan,manhattan,CSH,18.5,0.0,0.5,0.0,0.0,19.0
368065,C5C6A3127EA0D9CDC0E50D6F3C6A3486,F31866279FA85F554B995A030E54F6A3,VTS,1,,2013-01-01 02:48:00,2013-01-01 03:07:00,1,1140,3.25,-73.967567,40.760487,-73.998787,40.739021,manhattan,manhattan,CSH,14.5,0.5,0.5,0.0,0.0,15.5
368176,2D8C1A8CBC6EA0A268C5A42929B9DE15,BC784C62DCE55D3F13C6E193AACB43FA,VTS,1,,2013-01-01 05:37:00,2013-01-01 06:05:00,2,1680,15.78,-73.975723,40.744854,-73.855103,40.758045,manhattan,queens,CSH,44.5,0.5,0.5,0.0,0.0,45.5
368343,7E94181F851247ACE580CA73F8641E39,0572FF55F79461517BC675CF2BF4F7C8,VTS,2,,2013-01-01 13:27:00,2013-01-01 13:55:00,6,1680,17.69,-73.994423,40.760876,-73.791252,40.644917,manhattan,queens,CSH,52.0,0.0,0.5,0.0,4.8,57.3
368508,8E312FD341B01FD1D62EF7514D4C84F7,3871B106F70A201F76E2E82A5C0735DF,VTS,5,,2013-01-01 19:51:00,2013-01-01 19:51:00,1,0,0.0,0.0,0.0,0.0,0.0,outside_nyc,outside_nyc,CRD,50.0,0.0,0.0,0.0,0.0,50.0
392948,E1AE11357A540D22EB14F2B3A61C4FB5,AF7A6F281C49F6DF2E87010ABC17827F,CMT,1,N,2013-01-01 04:01:43,2013-01-01 04:11:10,1,566,2.2,-73.969948,40.763294,-73.994568,40.743679,manhattan,manhattan,CRD,9.5,0.5,0.5,2.1,0.0,12.6
393093,062D13CA188A0ECFD48D6D871DDB2176,B5969982E99EA35255FDAC81B36D8AC5,CMT,1,N,2013-01-01 03:20:57,2013-01-01 03:27:04,1,367,1.5,-73.986237,40.746361,-74.001076,40.731686,manhattan,manhattan,CRD,7.0,0.5,0.5,1.6,0.0,9.6
393499,7D8902C64626BE152928EACBF405CC9D,07250A6747956BC1E5A83B40A0A8A663,CMT,1,N,2013-01-01 03:10:23,2013-01-01 03:13:10,1,167,0.4,-73.981071,40.744522,-73.986214,40.740086,manhattan,manhattan,CRD,4.0,0.5,0.5,1.0,0.0,6.0
393572,A0DFBA30FA80922CBEBCFF97AFE50AAB,4BDF44E18B48DC534CC4077B534A500B,CMT,1,Y,2013-01-01 03:06:35,2013-01-01 03:20:45,1,849,2.6,-73.98793,40.718594,-73.985161,40.747646,brooklyn,manhattan,CRD,11.5,0.5,0.5,1.0,0.0,13.5
393627,78C026255D40D4BF83F1D49203C6FEE2,9DCBD690BA43B75516AC2B1A73E8522D,CMT,1,N,2013-01-01 05:42:51,2013-01-01 05:48:18,1,327,1.2,-73.976715,40.745827,-73.990936,40.755711,manhattan,manhattan,CRD,6.5,0.5,0.5,1.5,0.0,9.0
394193,BEEB676B645ABBC943B774D7559C419E,39A226BFC4DE46B9BE82A5C7AD72F6E5,CMT,1,N,2013-01-01 00:15:41,2013-01-01 00:26:52,1,670,3.9,-73.987038,40.74596,-73.987038,40.74596,manhattan,manhattan,CRD,14.0,0.5,0.5,2.0,0.0,17.0
394484,13BA5A467BEC728B776D0A42CC947118,D4ED4E7BE25C5A946DE76093B9C58C13,CMT,1,N,2013-01-01 03:16:31,2013-01-01 03:20:38,1,247,1.1,-73.989891,40.67276,-73.986992,40.685406,brooklyn,brooklyn,CRD,5.5,0.5,0.5,1.3,0.0,7.8
394776,726A01186C92BD41D1AF6477A32663CB,CBFE1B8820A7F20777C882639E0D0E59,CMT,1,N,2013-01-01 01:51:32,2013-01-01 02:04:34,1,781,2.8,-73.975113,40.745983,-74.005363,40.726784,manhattan,manhattan,CRD,11.5,0.5,0.5,2.5,0.0,15.0
394959,C767E6FAAE6A65D77701979221AE61CF,05608B5D392719027040627864AEC448,CMT,1,N,2013-01-01 00:41:58,2013-01-01 00:48:41,1,403,1.2,-74.004936,40.741688,-73.98954,40.740047,manhattan,manhattan,CRD,6.5,0.5,0.5,1.0,0.0,8.5
395543,C8C2E31D2EB2B48C4FC759E77D9DF4E6,FE1B1572E9038788FA9F6E4D9C742F2A,CMT,1,N,2013-01-01 11:19:51,2013-01-01 11:22:23,1,151,0.8,-73.978432,40.745159,-73.973663,40.754208,manhattan,manhattan,CRD,4.5,0.0,0.5,1.0,0.0,6.0
396274,04D5558597E59882587C513ACBBD5326,D3B2DEC5DB78D91D9AFADA53B3B521B5,CMT,1,N,2013-01-01 10:55:28,2013-01-01 10:55:29,1,1,0.0,-73.973824,40.747952,-73.973824,40.747952,manhattan,manhattan,CRD,2.5,0.0,0.5,2.5,0.0,5.5
396419,65BF8E5808AFB41F9EC07460C7E3D127,7D7503811ED35957512DF7E1A5800780,CMT,1,N,2013-01-01 02:00:02,2013-01-01 02:12:04,1,722,2.4,-73.995598,40.738956,-73.994476,40.740795,manhattan,manhattan,CRD,10.5,0.5,0.5,2.3,0.0,13.8
397806,F72DDF5CDE6484C486FA8183C7178015,0FCD5E9E8CADAEB27676A38ED9C78DEA,CMT,1,N,2013-01-01 17:45:56,2013-01-01 17:52:00,1,363,1.1,-74.007965,40.711975,-73.999519,40.724747,brooklyn,manhattan,CRD,6.5,0.0,0.5,1.0,0.0,8.0
399789,3BDA0EFDF2D87941CDBA6000CECA491E,5A4C07D6A3DD3501C2B58976EB96D439,CMT,1,N,2013-01-01 12:49:34,2013-01-01 12:53:24,4,230,1.0,0.0,0.0,0.0,0.0,outside_nyc,outside_nyc,CRD,5.5,0.0,0.5,3.0,0.0,9.0
399899,01C3BF069A4CB23CEE0389534DB94E89,65A7C84B428B0CCC2B71630FD333AC8D,CMT,1,N,2013-01-01 01:06:32,2013-01-01 01:24:07,1,1054,6.7,-73.945686,40.782066,-74.001472,40.726303,manhattan,manhattan,CRD,21.5,0.5,0.5,5.62,0.0,28.12
399936,2DCB6E58572E4C681A948F5838586A71,4DAE7DD06AF18D2B4CA9575B373645D9,CMT,5,N,2013-01-01 00:55:40,2013-01-01 01:08:26,2,766,2.8,-74.040298,40.748734,-74.033066,40.717106,manhattan,brooklyn,CRD,55.0,0.0,0.0,1.0,7.5,63.5
400429,A290F5FA5507BA0910540B504B53DF67,A919972E514876FD84489BA0AFFC7403,CMT,1,N,2013-01-01 00:29:24,2013-01-01 00:59:56,1,1832,4.4,-73.95356,40.775188,-74.004997,40.741322,manhattan,manhattan,CRD,22.0,0.5,0.5,1.8,0.0,24.8
400593,91B42FBD6FC5A5EB29A79DB4259F6B7D,9413588762B7718B5F4DAD6B3FFCA60B,CMT,1,N,2013-01-01 13:54:30,2013-01-01 14:00:43,1,373,1.1,-73.990852,40.733562,-74.000809,40.742043,manhattan,manhattan,CRD,6.5,0.0,0.5,1.0,0.0,8.0
400922,D08B0CF570DDCB8E82E0A549477E38E5,60A3516A01093157623E2D730ED3C069,CMT,1,N,2013-01-01 17:12:54,2013-01-01 17:24:14,2,680,3.7,-73.987404,40.749069,-73.952599,40.788353,manhattan,manhattan,CRD,12.5,0.0,0.5,1.0,0.0,14.0
401432,9EE73586EEB5830AC03F2C83FB3E7E46,E95D328B462C1C4EF932596BF000DD8B,CMT,1,N,2013-01-01 01:38:08,2013-01-01 01:53:28,2,919,5.7,-73.955872,40.776108,-73.914444,40.775517,manhattan,manhattan,CRD,17.5,0.5,0.5,3.0,4.8,26.3
401505,84A183530899658720996137EB26EC5F,BAAF03F4DF8ABB3130B2438457CC5BD8,CMT,1,N,2013-01-01 15:39:06,2013-01-01 15:47:44,1,517,1.6,-73.974052,40.76329,-73.981079,40.744949,manhattan,manhattan,CRD,8.0,0.0,0.5,1.0,0.0,9.5
401614,D5544AD4192F2AC10C745575F4E497D4,885F7CE2460DB857EAD8CB35F9EA9119,CMT,1,N,2013-01-01 19:59:16,2013-01-01 20:07:58,2,522,1.2,-73.958458,40.760422,-73.979057,40.766758,manhattan,manhattan,CRD,8.0,0.5,0.5,1.0,0.0,10.0
401835,33D7015731B84A9D128A6D1672AF7E27,4055CA759BF8367C6FD73BF4A57A3AFF,CMT,1,N,2013-01-01 13:53:33,2013-01-01 14:02:02,4,508,2.1,-74.01178,40.709393,-74.004189,40.738174,brooklyn,manhattan,CRD,9.0,0.0,0.5,4.0,0.0,13.5
402766,3A5EFA8DB8EB16DABEC1C09DA34A195A,55C4860E8226A5985BFCD525997BEA1C,CMT,1,N,2013-01-01 05:48:35,2013-01-01 06:04:31,1,955,4.4,-74.005013,40.718613,-73.987221,40.668308,brooklyn,brooklyn,CRD,16.5,0.5,0.5,3.5,0.0,21.0
402858,679796958F368740A2BD08C205E1DC53,486881E938D5419431BB78DAF364720D,CMT,1,N,2013-01-01 15:43:54,2013-01-01 15:49:52,1,357,1.2,-73.979683,40.743732,-73.989311,40.732323,manhattan,manhattan,CRD,6.5,0.0,0.5,1.0,0.0,8.0
402877,2C096AE6C16398D7D2C1754901310D48,FE6F47FA64A87238343D92A239DF433C,CMT,1,N,2013-01-01 18:15:41,2013-01-01 18:23:10,1,448,1.5,-73.996635,40.74445,-73.989647,40.76273,manhattan,manhattan,CRD,7.5,0.0,0.5,1.6,0.0,9.6
403223,47CC9120DB85913663A9384493061850,9D034B2510FC687CECC7FB1208988F67,CMT,1,N,2013-01-01 17:01:03,2013-01-01 17:20:08,2,1145,4.3,-73.996147,40.763958,-74.005898,40.7117,manhattan,brooklyn,CRD,18.0,0.0,0.5,3.7,0.0,22.2
403424,58598FD2F8811C4F52A264D15D6FECAF,2942468A99C4DE447A339010883272F9,CMT,1,N,2013-01-01 15:52:00,2013-01-01 15:53:20,1,80,0.4,-73.990173,40.740177,-73.994576,40.734787,manhattan,manhattan,CRD,3.5,0.0,0.5,1.0,0.0,5.0
403480,2CE5FD287F8160DA7FF84900180C2D6E,65DF87585C728AB6A019CDF07B944F82,CMT,1,N,2013-01-01 02:56:17,2013-01-01 03:04:19,1,482,1.0,0.0,0.0,0.0,0.0,outside_nyc,outside_nyc,CRD,7.0,0.5,0.5,1.6,0.0,9.6
403753,67C63ACF1AB1BACD892C352EA94808B3,EE2807463C2D21473E97B7952852A9D9,CMT,1,N,2013-01-01 06:36:38,2013-01-01 06:41:34,1,296,1.0,-73.984314,40.752106,-73.972931,40.75407,manhattan,manhattan,CRD,6.0,0.0,0.5,1.0,0.0,7.5
404116,3CF331FBCE272974FAC9AC97F382C786,CD3EDF501AD87E1B9A4E9A4AB22CCF1B,CMT,1,N,2013-01-01 18:50:22,2013-01-01 19:03:46,1,803,4.2,-74.004204,40.73814,-73.955917,40.767765,manhattan,manhattan,CRD,14.0,0.0,0.5,1.0,0.0,15.5
404681,C6D848290D04F67F2EB6B10EF1C4C092,A178A8AF76872E3C8DD79220D8205397,CMT,1,N,2013-01-01 20:00:45,2013-01-01 20:37:11,1,2186,3.6,-73.992798,40.757603,-73.991058,40.755844,manhattan,manhattan,CRD,12.5,0.5,0.5,2.7,0.0,16.2
405757,9F4FB96377F878261E81ACF607366AE7,2A94FC331F259B08FEF3ED137BB7B559,CMT,2,N,2013-01-01 16:25:46,2013-01-01 16:52:13,1,1586,17.9,-73.988167,40.72356,-73.789764,40.647034,manhattan,queens,CRD,52.0,0.0,0.5,10.5,0.0,63.0
405977,EF7DD82682D9FAFB4CC82C3C839535EE,4EB87F3DE56679A11DA81C41DEC6AAD3,CMT,1,N,2013-01-01 20:37:26,2013-01-01 20:46:39,1,552,1.4,-73.984436,40.74683,-74.000214,40.74609,manhattan,manhattan,CRD,8.0,0.5,0.5,1.8,0.0,10.8
406543,CB06D00120162467DDD4F525DCF4F6B4,5A0DE64D1BBAC77FE9867BBD202F1F84,CMT,1,N,2013-01-01 03:26:53,2013-01-01 03:43:31,1,997,3.1,-73.98056,40.730499,-73.99189,40.759941,manhattan,manhattan,CRD,13.5,0.5,0.5,3.62,0.0,18.12
407450,BB7AB03C26A0D97D1A1E3BA84160D7A7,EDF4D56435524ED1FBC8EC5D46391716,CMT,1,N,2013-01-01 15:43:54,2013-01-01 16:25:17,1,2483,5.1,-73.97773,40.752216,-73.995667,40.695259,manhattan,brooklyn,CRD,12.5,0.0,0.5,3.25,0.0,16.25
407596,21FC58AFBC8598230242F146B81D65A7,82B08445C942CE65DDEB86F91B3ED592,CMT,1,N,2013-01-01 22:03:13,2013-01-01 22:16:46,1,812,5.1,-74.00457,40.742382,-73.961563,40.799519,manhattan,manhattan,CRD,16.0,0.5,0.5,3.4,0.0,20.4
409612,3357A44D5456675BF531804275FAEFB3,1ABF43D367B90162166E85F570DB0BFC,CMT,1,N,2013-01-01 19:14:28,2013-01-01 19:44:36,1,1807,11.9,-73.790634,40.644085,-73.939896,40.708282,queens,brooklyn,CRD,36.0,0.0,0.5,7.3,0.0,43.8
412885,01C3BF069A4CB23CEE0389534DB94E89,65A7C84B428B0CCC2B71630FD333AC8D,CMT,1,N,2013-01-01 03:41:39,2013-01-01 03:56:06,1,867,2.9,-73.985931,40.732819,-74.017006,40.709133,manhattan,brooklyn,CRD,12.5,0.5,0.5,2.7,0.0,16.2
423993,C8F496469CB4CF297EF756F5229C542F,FE090DBA059FB840018F23BF4138D509,CMT,1,N,2013-01-01 14:37:19,2013-01-01 14:45:40,1,500,2.2,-73.987465,40.743435,-73.975601,40.719048,manhattan,brooklyn,CRD,9.5,0.0,0.5,3.0,0.0,13.0
425178,45886CDFD76DF25E0ACA5E3ED611C68E,9AFDE29988BFCEBEF77CB341AF90C159,CMT,1,N,2013-01-01 11:49:23,2013-01-01 11:55:59,1,395,1.5,-73.982689,40.745361,-73.993721,40.759686,manhattan,manhattan,CRD,7.5,0.0,0.5,1.6,0.0,9.6
429512,7B75A4AB3E535F48D4C0429851C4FC0A,032A6DB9395CDD22DC6BAEDD78E9B587,CMT,1,N,2013-01-01 11:46:28,2013-01-01 11:58:28,1,719,7.2,-73.975418,40.745358,-73.853264,40.727226,manhattan,queens,CRD,21.5,0.0,0.5,3.0,4.8,29.8
445230,16E628A73C16A85ED26C16B195508888,D632CB4C89E5F9AFF93760DE91416CB4,CMT,1,N,2013-01-01 16:10:00,2013-01-01 16:29:34,1,1174,13.0,-73.831413,40.763325,-73.993713,40.695969,bronx,brooklyn,CRD,36.0,0.0,0.5,5.08,0.0,41.58
446947,BCAA9426D17BC7C96B204F9C75CC99C9,62941603B49E677CDABAFF04AD2269EA,CMT,1,N,2013-01-01 15:25:10,2013-01-01 15:38:03,1,772,5.4,0.0,0.0,0.0,0.0,outside_nyc,outside_nyc,CRD,17.5,0.0,0.5,1.0,0.0,19.0
447329,03F0BC52B15106BF8B9054543FFAB548,2AD2AD0134AE6BBD662F1425547796C9,CMT,1,N,2013-01-01 15:35:20,2013-01-01 15:40:50,1,329,1.1,-74.00293,40.729614,-74.010239,40.718174,manhattan,brooklyn,CRD,6.0,0.0,0.5,1.0,0.0,7.5
450108,59D75B2BAF32E53A65D3E69A666C9AC6,F045960F718390DF8DF790E9B3353B27,CMT,1,N,2013-01-01 17:58:13,2013-01-01 18:07:55,4,581,2.7,-74.001556,40.730824,-73.985352,40.763748,manhattan,manhattan,CRD,10.5,0.0,0.5,1.5,0.0,12.5
450146,06ECEA897237B26A833D402DB247040C,CCE4077C1F8A4D4D74278E892AF52002,CMT,1,N,2013-01-01 16:00:58,2013-01-01 16:27:06,1,1567,13.0,-73.885361,40.77309,-74.004112,40.737549,manhattan,manhattan,CRD,38.0,0.0,0.5,12.99,4.8,56.29
452366,03BF54085C92C385889B957D804780D1,5B978BC46ADC710ABBC3AEB9C0E8A0C6,CMT,1,N,2013-01-01 13:04:28,2013-01-01 13:09:14,1,286,1.1,-73.972282,40.76059,-73.957413,40.766712,manhattan,manhattan,CRD,6.0,0.0,0.5,3.0,0.0,9.5
452587,11255D0D604A3A006072C57DE81D7ED2,F554ED01B1DA0828B956446E40231C46,CMT,1,N,2013-01-01 18:02:21,2013-01-01 18:08:13,3,352,1.3,-73.984299,40.739975,-73.983513,40.726143,manhattan,manhattan,CRD,6.5,0.0,0.5,1.75,0.0,8.75
452734,991B2E3F85ABD629531D64B3015B61CB,4C3C129CC483343160054E059C633F19,CMT,1,N,2013-01-01 03:47:30,2013-01-01 03:56:13,1,522,1.1,-73.99704,40.712193,-73.991142,40.725269,brooklyn,manhattan,CRD,7.5,0.5,0.5,1.7,0.0,10.2
456611,7D86872E7E9D5997595E6CEBBD6D6900,29DC0787F12D6E5B0F9F211C80D0FBDA,CMT,1,N,2013-01-01 15:12:33,2013-01-01 15:35:13,1,1360,5.0,-73.925873,40.744217,-73.995102,40.743778,manhattan,manhattan,CRD,20.0,0.0,0.5,4.1,0.0,24.6
458242,8F9B593AE29F10B40EBEA0BBDEDD249F,5538249E9214D979C14FF37DCADB0873,CMT,1,N,2013-01-01 06:21:08,2013-01-01 06:25:16,2,247,1.1,-73.973236,40.755241,-73.987442,40.749729,manhattan,manhattan,CRD,5.5,0.0,0.5,1.0,0.0,7.0
458280,14694F1FB63AF88A9D98B999F35C6623,7E1A596E9E3C5DC9DAA588855D675789,CMT,1,N,2013-01-01 14:08:42,2013-01-01 14:15:05,1,382,1.1,-73.979637,40.753105,-73.984901,40.763939,manhattan,manhattan,CRD,6.5,0.0,0.5,1.25,0.0,8.25
461768,A2B53A64004799B6FFC7F0FF2785AB73,6CAF24A4B686FAD96B6220EF0A11181B,CMT,1,N,2013-01-01 14:19:58,2013-01-01 14:33:41,2,823,2.9,-73.977287,40.751026,-73.94606,40.773727,manhattan,manhattan,CRD,12.5,0.0,0.5,2.6,0.0,15.6
462464,8906D5C02DB6E4662AB7388E67E5466B,A666087C0A0ADBA9BCE758231C38A1A8,CMT,2,N,2013-01-01 20:28:48,2013-01-01 20:56:30,2,1662,19.1,-73.791061,40.661839,-73.973633,40.779457,queens,manhattan,CRD,52.0,0.0,0.5,5.0,4.8,62.3
462537,DB0D656FD074AC9E5B039E9A5A17F408,13C91816AF95F6514447B72559BEA179,CMT,1,N,2013-01-01 20:53:12,2013-01-01 21:05:41,2,749,2.9,-73.965286,40.761929,-73.990944,40.728516,manhattan,manhattan,CRD,12.0,0.5,0.5,3.25,0.0,16.25
462942,59E84496F5876AB7AA8BFD3C3CAD6DE3,CB4FE391F364C88AE85A2C16D59E08D8,CMT,1,N,2013-01-01 21:28:46,2013-01-01 21:40:09,2,682,4.1,-73.999062,40.73938,-73.953636,40.770275,manhattan,manhattan,CRD,13.5,0.5,0.5,1.0,0.0,15.5
464242,A2AEC88420F7268722B02A3D84D62CA7,7DEB8806DE87A4007A997A865C1673C4,CMT,1,N,2013-01-01 11:43:21,2013-01-01 12:03:21,1,1199,4.2,-73.974548,40.756454,-73.976112,40.754684,manhattan,manhattan,CRD,18.0,0.0,0.5,3.7,0.0,22.2
464352,607F4A1C62C812504DA52636800E2AAB,463F5CDE11E23D52C9597B159EFC39B5,CMT,1,N,2013-01-01 12:09:22,2013-01-01 12:33:43,1,1460,6.5,-74.000687,40.746338,-73.95137,40.723679,manhattan,manhattan,CRD,22.5,0.0,0.5,0.0,4.8,27.8
464426,BA0C6C622DAAF1EDF04C19EBDB1E997C,2505C2EFB5E8BCAF1988F4D6624BE795,CMT,1,N,2013-01-01 13:05:22,2013-01-01 13:12:11,2,407,1.9,-73.957291,40.770454,-73.97641,40.751575,manhattan,manhattan,CRD,8.0,0.0,0.5,1.7,0.0,10.2
465048,294134BC853AC59B821B01C602249488,CFA318CD69C8E611363936586BC1A18D,CMT,1,N,2013-01-01 23:31:06,2013-01-01 23:36:02,1,295,1.1,-74.001572,40.727673,-73.994347,40.743622,manhattan,manhattan,CRD,6.0,0.5,0.5,1.4,0.0,8.4
465214,C3E7F827F0CF5A5B9162DC0A6D2E726C,CE625FD96D0FAFC812A6957139B354A1,CMT,1,N,2013-01-01 14:26:22,2013-01-01 15:01:02,1,2080,18.8,-73.953613,40.775326,-73.906029,40.693916,manhattan,brooklyn,CRD,53.0,0.0,0.5,1.0,4.8,59.3
465892,82B5B1F467D680FBF7D148404AB63107,6D8BFEC69475F08E2E66EA3E59EBF873,CMT,1,N,2013-01-01 12:12:23,2013-01-01 12:19:35,1,431,2.1,0.0,0.0,0.0,0.0,outside_nyc,outside_nyc,CRD,9.0,0.0,0.5,3.33,0.0,12.83
467496,CB8CA23FBB11D330E5018763A71E1520,E384BEE2A094B7EB3D5691F809703902,CMT,1,N,2013-01-01 21:06:06,2013-01-01 21:14:42,2,515,2.0,0.0,0.0,0.0,0.0,outside_nyc,outside_nyc,CRD,9.0,0.5,0.5,1.5,0.0,11.5
467644,69D53D285F0A4E942E4AAE7A4DB7393A,87B5A4AC23359A4AD314F64EC67DD449,CMT,1,N,2013-01-01 06:30:59,2013-01-01 06:37:08,2,369,1.4,-73.980965,40.733681,-73.984978,40.747646,manhattan,manhattan,CRD,7.0,0.0,0.5,1.5,0.0,9.0
467681,E1D9CC4DBCBB07780CDCB57CDBB44718,08FB3C195965E9202617D276320DBA79,CMT,1,N,2013-01-01 13:46:54,2013-01-01 14:01:09,1,854,4.4,-73.989952,40.729668,-73.987648,40.671814,manhattan,brooklyn,CRD,16.0,0.0,0.5,2.0,0.0,18.5
468064,54736935A52C46DD4D6FFFB8B5E8AD0E,34B3D0554BFC5979155D13FB8A6C8132,CMT,1,N,2013-01-01 15:49:00,2013-01-01 15:55:52,1,412,2.4,0.0,0.0,0.0,0.0,outside_nyc,outside_nyc,CRD,8.5,0.0,0.5,1.0,0.0,10.0
468647,0DBC6F21D96F025C951B3E28738BF316,89F36959BBD2CCC56CF6943DA14BF0B3,CMT,1,N,2013-01-01 10:22:54,2013-01-01 10:30:01,2,427,1.6,-73.985519,40.735706,-73.995689,40.750641,manhattan,manhattan,CRD,8.0,0.0,0.5,2.12,0.0,10.62
468685,F6CBA8F054A17F0D2C6F1F15B4CC75AB,E827C56020E0992B2B8599DE5CEEE61E,CMT,1,Y,2013-01-01 08:39:51,2013-01-01 08:49:10,1,559,3.0,-73.952652,40.792355,-73.973137,40.756351,manhattan,manhattan,CRD,11.0,0.0,0.5,1.5,0.0,13.0
468704,D6FDD900F5504C7FD5C0B999966E0F07,3A31F65C8A078C3AE17CF7E75C023CDB,CMT,1,N,2013-01-01 02:50:06,2013-01-01 03:06:55,1,1008,5.0,-73.948639,40.724434,-73.986877,40.677395,manhattan,brooklyn,CRD,18.0,0.5,0.5,4.75,0.0,23.75
468869,87A05F98BA072C24F7CF87755EF494EA,1F3D0420AF64D737976DA9BA1FAD8797,CMT,1,N,2013-01-01 20:54:58,2013-01-01 20:59:59,1,300,1.6,-73.988281,40.723442,-73.973473,40.743958,manhattan,manhattan,CRD,6.5,0.5,0.5,1.0,0.0,8.5
468888,26B6CDD419985C6F551F0FAE87EF3AA9,36D04EDD8B7EF39AAFAD8CDE42F56153,CMT,1,N,2013-01-01 06:43:31,2013-01-01 06:49:23,1,351,1.4,-73.981537,40.732906,-73.98616,40.74614,manhattan,manhattan,CRD,6.5,0.0,0.5,1.4,0.0,8.4
469125,B1CF36E740BA0A7DBA1199FF693F6A25,9986B66D43EB23234F6549EA42CE14B0,CMT,1,N,2013-01-01 15:09:55,2013-01-01 15:25:56,1,961,3.3,-73.987366,40.729004,-73.994019,40.759918,manhattan,manhattan,CRD,14.0,0.0,0.5,1.5,0.0,16.0
469382,B1E9187878D73A574ADE63C23946C222,D325B18850F1397D61EF1201EBDABF88,CMT,1,N,2013-01-01 00:22:12,2013-01-01 00:29:16,2,424,1.5,-73.999825,40.717979,-73.987823,40.738174,brooklyn,manhattan,CRD,7.5,0.5,0.5,1.7,0.0,10.2
469619,6D5B098624A94DB44F28A47E4C336468,841C53E17619C18C99D5243B74B48D94,CMT,1,N,2013-01-01 02:19:45,2013-01-01 02:33:29,1,823,2.8,-73.987572,40.748859,-73.990814,40.715324,manhattan,brooklyn,CRD,12.0,0.5,0.5,2.0,0.0,15.0
470057,B0B78CD05C8A1737E24F87459FC04B33,B104BA3D279D230A03FAE58BFA3B983E,CMT,1,N,2013-01-01 00:46:26,2013-01-01 01:02:12,1,945,2.0,-73.978516,40.753925,-73.98893,40.731403,manhattan,manhattan,CRD,11.5,0.5,0.5,2.5,0.0,15.0
470915,8D7B834B36839364EA5BECB07812583F,16681153B22FA54B76717989FA942BAD,CMT,1,N,2013-01-01 02:26:53,2013-01-01 02:39:11,1,738,3.9,-73.9739,40.75927,-73.918015,40.761745,manhattan,manhattan,CRD,13.5,0.5,0.5,2.9,0.0,17.4
470971,1FA28B5CA815FDB5221D55DF84FC85DC,23AC97494E3C2A51984156793FF6BD00,CMT,1,N,2013-01-01 15:58:20,2013-01-01 16:06:26,2,485,3.5,-73.948204,40.774849,-73.981308,40.739761,manhattan,manhattan,CRD,12.0,0.0,0.5,1.2,0.0,13.7
471374,33BDB46F2DAA926711B79B1171BAE469,F3C5B0DEBE147F9CB39A440D6EAB478C,CMT,1,N,2013-01-01 15:40:58,2013-01-01 15:43:16,2,137,0.6,-73.978775,40.736507,-73.975906,40.744011,manhattan,manhattan,CRD,4.0,0.0,0.5,1.0,0.0,5.5
471904,6D055E9392296B6B891E39DED7754511,E28C60F02096C83254D16FF62ACD9EC5,CMT,1,N,2013-01-01 00:55:21,2013-01-01 01:03:52,1,510,0.5,-73.968643,40.759029,-73.978729,40.763523,manhattan,manhattan,CRD,6.5,0.5,0.5,1.5,0.0,9.0
472106,93802B2D5A792266C38378CB7AD9FB11,663B547CD8A22483780A51CCF2AA2A4F,CMT,1,N,2013-01-01 10:00:00,2013-01-01 10:07:19,1,439,1.3,-73.978256,40.73737,-73.987495,40.74966,manhattan,manhattan,CRD,7.5,0.0,0.5,1.0,0.0,9.0
472348,7F140FE76FE69C92E8B6F4296CFD684E,00CA5191D0F66DFD9C71134D758989E8,CMT,1,N,2013-01-01 02:40:38,2013-01-01 02:53:27,1,769,2.0,-73.9813,40.741386,-74.003799,40.737732,manhattan,manhattan,CRD,10.5,0.5,0.5,1.0,0.0,12.5
472990,81D6C9A1DDDACB90D2D5A67C745E5106,D4515683E6491331135D8B5A044683C5,CMT,1,Y,2013-01-01 00:32:54,2013-01-01 00:41:26,4,511,1.6,-73.955978,40.693466,-73.973343,40.686806,brooklyn,brooklyn,CRD,8.5,0.5,0.5,1.9,0.0,11.4
473009,9E2A93EBE3F711D4BE0148854B55D503,2334B343755650DFE6BCCA869ED7F4A2,CMT,1,N,2013-01-01 03:45:35,2013-01-01 03:51:54,1,378,1.4,-73.996918,40.756638,-73.987656,40.744087,manhattan,manhattan,CRD,6.5,0.5,0.5,2.25,0.0,9.75
474034,AF152CC6407D01778EE55A3F52FBA977,9DD5B96D670F67D00895D464F7D8367C,CMT,1,N,2013-01-01 04:11:44,2013-01-01 04:20:19,1,515,1.4,-74.002945,40.739162,-73.98114,40.729408,manhattan,manhattan,CRD,8.0,0.5,0.5,2.25,0.0,11.25
475304,62EE1E54B78A90955C717460F2030C74,65950766A86A08ABC552DBDF3896F7B0,CMT,1,N,2013-01-01 02:03:11,2013-01-01 02:12:06,2,534,1.8,-73.975471,40.749523,-73.980797,40.73053,manhattan,manhattan,CRD,9.0,0.5,0.5,2.0,0.0,12.0
475780,4FD4EC1D50776ED136D40D3802D177FE,699221D9F2272A6F8BFEB1F9A72A7B59,CMT,1,N,2013-01-01 05:03:56,2013-01-01 05:07:36,1,220,0.7,-73.988098,40.737652,-73.977745,40.73798,manhattan,manhattan,CRD,5.0,0.5,0.5,1.5,0.0,7.5
475910,C4A1064E342F6FF99B3107E20ED566FB,D9483C508D5478FF80A61DC37C38187B,CMT,1,N,2013-01-01 05:58:13,2013-01-01 06:05:11,2,417,1.9,-73.989578,40.720509,-73.979591,40.743584,manhattan,manhattan,CRD,8.0,0.0,0.5,1.5,0.0,10.0
477343,50D134FCCF4C7453F6D0C89DC76C0CE2,51310D39D53EA1FE06BB4F913780FB73,CMT,1,N,2013-01-01 13:30:59,2013-01-01 13:44:43,1,824,4.2,-73.997917,40.756176,-73.94989,40.78191,manhattan,manhattan,CRD,14.5,0.0,0.5,3.75,0.0,18.75
479268,964E8D255C072FF9CF81ABC92E01A045,A2EA79025CE1AEAA708649E2CCFAF1F1,CMT,1,N,2013-01-01 09:33:23,2013-01-01 10:16:24,1,2580,19.1,-73.985947,40.73497,-74.133148,40.88876,manhattan,manhattan,CRD,56.5,0.0,0.5,16.0,9.5,82.5
479469,D30BED60331C79E3F7ACD05B325ED42F,0935FA242F419CFB70C1AD4E751E7B43,CMT,1,N,2013-01-01 17:09:45,2013-01-01 17:20:43,2,657,4.4,-73.98896,40.726944,-73.952019,40.781506,manhattan,manhattan,CRD,13.5,0.0,0.5,2.0,0.0,16.0
488181,D5C7F7DC0DAEAA572443DFD52CE82F47,2C00446EEB1E0883AD568A32CEEC42A4,CMT,1,N,2013-01-01 04:08:31,2013-01-01 04:10:03,1,92,0.8,-73.980354,40.743008,-73.973274,40.752293,manhattan,manhattan,CRD,4.0,0.5,0.5,1.5,0.0,6.5
